,Earhart,Ford,Hillenbrand,Wiley,Windsor
2023-10-01,"['090c472f-10e1-4c5c-8187-cd098cfded34', 'b52e5008-0262-4ae9-b570-3bf941ecb167', '8df60932-eba2-4a1f-ab71-9817a529ab5e']","['dcd39e1f-edbf-4755-8899-502ed061421e', '4a61b813-4401-4175-93f2-b766eff1c8b3', '2b05f793-109a-4415-9bdc-84b14e2be63c', 'a3ba4737-5abe-4822-baf2-96ba7213ebf2']","['9de30923-5d29-43f9-8501-013fb926d927', 'e8c36e66-564d-4fa0-8238-e01e618b2b4c', 'bd98ca48-2053-4014-96dd-56c047b9a8df', '9e24aef2-0e8e-4100-817a-c6a41f64e05a']","['f11b635c-501b-4220-b104-68419aa508db', 'b8d0b4da-111c-472d-af8b-330fd21cb33c', 'd4fb06e3-7f5d-427e-b007-4ea564c7ee69']","['dedc1e18-5921-407c-af28-bcbc8161cb87', 'e69f269c-e663-4ff2-8097-1ff055e31fb2', '9d6219a8-fcda-4e1a-b89b-d5363490e56f']"
2023-10-02,"['f316de80-348d-4406-a435-8506c57f686a', '49ebf8ca-1281-42ac-87fa-8ef452ecec5f', 'a1e48409-d65c-48dc-b859-b56e23485e52']","['205f986d-b384-4484-a8fa-121c61e6d9dd', '86129876-c1d2-4667-adc0-7c105c798a0c', 'a95f5f4e-a256-4788-8dfc-88c7a7074000', 'e4f77977-b97e-489a-9a93-69df07130032']","['e74294aa-cfb2-471d-8b2e-55db5c2a7e08', '7d4c1047-aafa-4d41-a5af-fe72fce84eab', '98222650-51cc-4723-9375-b680c78399c3', '78112df7-72e4-40c0-a9dd-8233c7e75dea']","['bacc8939-5e17-456f-936e-1cbb83ea23b8', '4b790066-e369-4321-a7a2-baf9a9615182', '77a60165-fa48-416d-920a-a1a6d29020b8']","['e50ac2d4-7c21-4905-b188-c7b28b8f3339', 'ebd4c58d-e588-49f6-a829-0597a0e4c0e3', '85d393f4-291b-4dfd-8d9d-e1ae4a1d97e2']"
2023-10-03,"['b5dde27f-7a50-4ab7-82c1-605f39f26d45', '9d687b1e-8275-4ce4-b5cf-fbdf891c6853', '3d2c1e80-6346-49f7-a096-360af418e2d5']","['b1d775e5-b348-4a27-9ef1-1b81949b02a7', '8bdee1a7-5df5-469a-8f6a-5dd5fd45c36c', '3e35c484-0ede-424e-9a5c-db4278b5d649', 'f4aa6c61-c3d7-405a-a77c-a08da168d227']","['78fbe723-4b6e-47ac-a477-ccb8c41897d8', '1ad031ba-5b81-4fca-950d-5b342c921bc2', '25d45d08-45fd-4b57-aaef-ecd7756f0de9', '4e88a3dc-163c-4ccc-8503-1b1e85b817d3']","['282a5cdb-45aa-4086-814f-f3f4aeaee2e4', 'ae505fcd-d9a2-4627-8cc6-c347767da721', 'a743a0cb-3e4e-4a96-b233-993bcdbfda81']","['3f4e4f10-b174-4ef1-84dd-ac2d2dbe250d', 'c76bad41-7a0c-4959-99b6-c63c530d618c', 'd778f681-30b4-4df2-b8a7-ed1273da6e02']"
2023-10-04,"['66fb6382-cef1-4362-94e6-a9ef1bc894c7', '37181947-3167-449e-8373-9873818be8bc', '83ddf6c0-2de3-4475-a6a7-3546c0d03ab9']","['ad3760ee-71d7-4df7-b33d-b06db9432b1f', 'de47bfc7-df2e-4cdc-b9ad-b33f23b06fb8', '5b1aa8a0-76ba-4d01-b30d-de6b8c6a7483', 'ef5a5c67-1ef7-44a5-98a0-859418fbf436']","['e01b723d-43a7-441b-b4db-353026654fc1', '5df79b00-3d0d-4f76-850f-4cf8262657df', 'cd4e9565-8a6e-4b89-901d-26cdf987e0ba', '2560d33e-0acc-405c-bdc0-12b581bbdacd']","['207f3c3d-efa5-49eb-af59-b0f1cbe131eb', '6b668187-d812-4bf2-8e2b-54c7d5059a43', '12816c29-d117-4ceb-88da-21f3a79a269e']","['d1f81357-d2a3-4109-893d-b6876787c9b8', '19d71896-9cd8-42ba-9ae0-e5860f9de430', '9c5d21af-66ed-4202-8333-e906d5b62f88']"
2023-10-05,"['e02d48a9-fe7f-4417-89da-bf765d907aae', 'b939f729-4390-4a96-b8f3-0e9aa09edcb2', '318c1be5-30e9-49d8-8254-893fa07993b3']","['08601a5d-7bdf-42c8-b7b4-0ce13c60eec6', '58ec9044-372d-4572-8b82-f758acc486e2', '940c54c9-a23c-4110-b105-78548098d492', 'd1ed5eb0-af66-4f09-8654-a56a1c7317ae']","['690fc10a-11b0-4c98-a7a9-d5d539674a2e', '1a4b3b34-d9cf-47af-88ce-3bf3980faf1d', 'f7491106-e231-46f2-a263-26b2e67b9d6f', 'c00bce44-35be-443a-9a05-de43f46f91b7']","['b5c6eb83-ef49-4734-8801-3ffd067845fa', '6db84cd1-ebfa-4ee6-8b00-5709e15e27c1', 'c5d509d6-9bbb-40fb-ba7b-40f85021ca02']","['24d60de2-809a-4a3b-b962-b6a5682b79be', '697958ba-503d-446e-80d2-8ccbe62a601b', 'c9238f47-38d0-49ff-b825-40668726a363']"
2023-10-06,"['a869cb25-bea4-4c10-8260-f3460f66b4e6', '46546607-0a0a-4dd6-a5bb-5c684483b9b8', '6b93aaf5-87fa-43ba-8c5f-184d04312bd5']","['4abb9c2d-61b8-456c-b2de-36bbf5fc01d6', '6a47a1e4-0e99-4e7c-b5f9-b4f6337f4cbf', '824b394e-10d2-46dc-b7b7-0502bb8127ed', '0aeaf24e-c17e-4444-bcbb-00d31ccc33fe']","['b5f240a3-ec2f-48ed-9928-e0a296049673', 'f189d0f8-79dd-4d2b-9f40-aec053073834', '0baf44ca-9b8a-4f06-9c72-542c4d1404f1', 'ed8825ab-8fb4-4d3d-8458-62f957b30cf2']","['17fb6ec5-0084-4e63-b445-256796ed43e4', 'b7beeee2-e4ab-4ba8-8344-2b5d0717b84b', '8e2d5a6d-b517-4201-ac89-446becadda12']","['94c15ca3-e9ae-4ca8-9c77-a0aafcb7e3db', '5210da63-ae52-4bcd-839a-46149d8f58d6', 'a3533d42-a8fb-4368-b163-6cbe5f89a389']"
2023-10-07,"['3e9ab496-b914-4ca3-b7a4-8b7834ceb57e', 'c550866e-6c4a-420c-9e9d-c9602486082b', '2d8ae7d1-a05b-483b-97af-401b21650184']","['e33bd714-0071-4af3-bf1f-07cb91403708', 'dc42f045-a17b-4361-8686-5b35125b26da', '288437da-156e-4a3c-9aef-7ca9576e8031', 'bc72ddec-548f-4876-a54a-8f6936bb8ee1']","['794f260f-0b29-462a-a7d0-4ac0a448e748', '0daf2715-731f-4ad6-92ca-379051f50bdf', 'a7142c59-9a3b-4c85-9926-3768094863da', 'fa0ed30a-9723-41a5-8f81-5318cb4f77be']","['5e8956b6-4c24-4b0c-8815-5b7a01fd84e6', '23d43eb1-e7ce-4cee-aeca-08dd0dc6143b', 'e66fcdbb-4d12-4e1a-aa12-d84e3b633488']","['0ad5acc2-49fa-46e7-8273-7d44f0d5fb17', '2c451718-67e5-4bc4-a2b5-2c598e22272d', 'f1aa89ee-0c28-43ba-99b2-f7b96e3364d7']"
2023-10-08,"['25b0a4af-f43d-4e77-95f9-cd9940335065', '07810242-45f6-4ce4-a353-f53fb6a15042', 'b8eae396-3658-4171-982d-c498051aea67']","['d51c8ca2-3672-4ac5-8828-c54a9ec51c96', '0c450c21-6ef4-4f1c-b2af-f1b0de038e8c', '38bf97b4-9cdf-46b3-b537-05f76928216d', 'dd7c1361-bf1d-47c8-beee-81dd884f0470']","['a0de9749-08c1-4dc1-bf44-8f430a4bbb2a', 'bb975aaa-7d19-49bc-898e-56159ffc0c13', '06bd023d-e5b4-461f-ac2e-88c5c6c9b158', 'a51ab4eb-9560-4833-82f0-85e602284aec']","['fac33931-58db-456d-8df0-d56ec3ef8c82', '5dbaf5d4-df7e-45e6-ace0-35cfdda735d9', '4eeb933d-e77b-4884-ab47-c46c754059a7']","['05f2f797-88d5-4a5b-9480-70a800c09d2e', 'f7a274cb-9db8-4d30-888e-27f15b62c6c3', '0a9158c1-6e18-45f6-af3d-679f3f343a78']"
2023-10-09,"['b7b1955c-7315-4896-b26d-775a51c45603', 'e383186b-0bce-4433-92f1-cac4caf5b060', 'a38abe04-f1a7-49a4-95ec-7c3e9e08f398']","['1f9a2010-3475-4d82-9689-00b8005bad21', 'fa30135a-d7f7-417d-a9aa-4696a79205ef', '8acfffac-6904-4797-b0b5-33bf42cc2989', 'a5c239b9-c8ad-43ff-8c3f-5e334fe30438']","['084b316c-4705-4582-a563-2170142342d1', '84e41944-6846-48b3-8ac2-213f6a3d12e6', '07be877d-7a04-407b-84c3-a550d71fc0db', '6c13bde4-7c3c-4079-ac0f-c65cd1c020e6']","['904d8f86-58dc-44a5-9281-5a0ee521f5a7', '77f1fc03-4113-4055-9dbe-dbda7e42f5e8', '9d3603e9-aa12-4321-b2fe-fe31021792fb']","['2b6d48ea-a692-4ca0-84a0-11b64f80fc4e', 'c1b3d0c9-91fd-4e91-8411-b6d3bb31fdb2', '3d10d61a-f88c-4384-a8ba-80d44bdded68']"
2023-10-10,"['180df23d-8903-4670-933c-ef8975c8c733', 'e7028d78-0b92-4f33-be0e-0f531e0ffcfe', '593d3012-918b-47e4-9c94-f2f66d474ef6']","['a2a83fb4-fd5f-4b99-bacf-2664b65c120e', 'ae27753e-b083-4ee2-90ec-6d7248aa8e99', 'd5ca9696-bb66-4956-ab27-51e7a5cd031b', '1ac5bfaa-4c14-453e-893a-7a9ab517c844']","['e3ccb94b-abd7-442e-8677-85b7bea7957d', 'f028c71b-3b4a-47ab-99e6-38a01733ad6f', '47d94dc1-cbc0-4f4c-a87a-94df36089810', '09d67ac3-7894-49ad-942f-7cd5a3238ac4']","['3dfc95fb-e247-457e-ae68-0a444943464b', '8055f69f-d536-4508-aee7-2ba2b0951e37', '855150b1-17e0-4be8-acb3-54072514a3e5']","['c0f15c77-ef20-4f59-868b-2685df254a22', '4141748c-8a85-46f7-b1de-28937d23edd5', 'b8dd6e6c-a3c7-4302-b2a8-bb4ca92145a1']"
2023-10-11,"['f035f68a-902b-4ab7-b2e8-28c8e18a0af3', '87e74f8d-b4a5-4ad2-9ed5-b1d2429a431e', '563a5996-ae70-476d-947a-83655dff8faf']","['7bc26af2-a32b-4bd5-b4d7-c50dd2ed1bf7', 'd7ac3ffb-089e-424e-81bf-6cd886b5fe1d', '7705b2df-9d8c-4286-8b7e-d9ccf0900976', '920605fe-ee77-4c8f-a67c-ed4620b51769']","['e7862872-d59f-473f-a62a-d6c49e6b48a7', '548269f2-db80-4112-87f3-d7c5f4765baf', '076f0549-739a-41af-b3f1-93761610d2ce', '39914a6a-9845-4666-b6ea-58a8da18cfe8']","['dcb4496c-6071-47fe-9901-85822a9c3c46', 'ed05c88e-93a0-4101-b0e6-d08720537bc5', '19c69178-0df8-4482-94dd-ef0783480374']","['3d64a674-1047-4232-9064-08efd6ccbd17', 'd2e7e882-21e0-4e58-b9e5-2e6cdafed3a4', '3be7a93b-45d2-492b-8a79-2e9d10402667']"
2023-10-12,"['455ea776-5671-40c2-bb9b-682f1ed31d99', 'fee64e2a-f81d-47df-b420-79db22b6397f', 'e3e8895b-d8bb-44cd-8efc-6420eb6a0ffd']","['44fb2e21-7428-4324-9ffd-5982f24ff86c', '0bec2f20-cd94-451b-814a-7b2ff4b037c9', 'a1d6b27f-c77c-426e-9b33-5fb24adb2fa0', 'ea0bad08-f462-4113-9ae0-8525f44b8f6f']","['3c22c7f2-b56b-47be-83af-1d13fd596c9f', '37f2b087-27ad-4e2d-bb63-a4436e1a613a', '46d7b166-9642-4077-ba0b-aee11490ab24', '75107a24-a5da-44bf-bf94-1e6fa030264d']","['17d9b51a-e014-4709-bd0f-6d3a065eb1a1', 'ba4cf1b8-2bb6-46c1-ba97-3d8fd024bb7b', 'aa176f96-8722-4063-adc3-71c583de59ec']","['53adfa86-1d21-4a7a-b55e-d09a86837707', 'bc4733fb-52c8-4706-a9c9-a5df2839df82', 'feae3df0-4916-4a16-9e86-7fa6352dffe1']"
2023-10-13,"['90496048-9618-4646-9586-0ac873cad890', 'ec392d0c-d10d-4bef-8d5a-625254a54779', '97991d08-5e65-45de-9477-dd8865c9d114']","['73d02188-641a-4758-8a45-eda2346a8fdd', '9a42c440-490c-495f-9cd9-cd41781de18c', '988c3f79-4492-4dba-8c29-bfc2372fde7a', '292395d0-b445-45a2-8b86-724d10ecdaf0']","['b4b0cf52-cc6f-4a69-b9f1-c7ec0a3eea84', '351bb972-0128-4e46-95c4-654aea4d13fb', '6da95411-7e51-469e-be82-cebcf9f2f3a4', '0ba53507-f9a2-4cdf-9a50-305f2c5e1fb8']","['1997bc37-cc6c-40a3-a4cb-101f9614b4a8', 'fda133c7-a072-4dcb-91a9-3a736790ca9b', 'b39d46a3-6326-4b2d-ad8d-ea63e4633e34']","['2af8e10f-9f3d-4673-92a2-23c9d33c318d', '548b45a9-951e-4152-8047-ade742ea6b56', '0f89238e-31a6-4ac8-88bf-a7e9278d9ffc']"
2023-10-14,"['f364151f-3381-4c08-8e58-7d4007aa34b6', '0ac3f225-53d9-4b8b-bf7d-1aa0ab0f7204', '05dfab61-ccf1-41fa-ace0-f6138bbddf31']","['44635376-e55f-4e47-955f-eecd5d1218ef', '1ed3ea4a-6a7d-406d-b3fb-da1f272ca406', '45976c87-0a57-47b9-9d26-c5a842f121ee', '04fe5c4c-1438-4aa4-905d-dfbd4b054bfd']","['831538dd-793d-4595-b7ca-18dfeadd32f6', '8f071fda-fb86-4edd-a7dc-9354364e2171', 'eabed157-5a44-4c16-9b7c-566bddbbba7f', 'e91797be-d04e-472d-be5e-aaf681cc3a74']","['dc4c3b18-c8cc-405e-81cd-a234ab93e73d', 'e951e045-8694-41a4-9692-6c0c6a8deaa5', '53c5e17e-7488-4ea6-83b5-555f3a953ced']","['537e77bd-86c7-4341-9299-2fc4e31365d5', '7ab27f10-bad2-4e2a-a3a7-12e680fefc19', '23061ee4-d8a9-445e-85a0-08a330723a15']"
2023-10-15,"['f022fc18-94b4-47d2-a217-3e7b6e837e55', 'f54be0c7-b87e-48cb-bd15-ee8cc4b6bc0d', '95d5232f-6242-4185-96db-0bd4d6939413']","['beea68c6-f413-4c74-bfe1-e3c34d446700', '90f7ab5a-d132-4162-8b0e-b8acc37f5d6d', '8d5dbb14-e8ec-4c27-81e5-1773bf01cd55', '51295501-22cd-4ea0-953b-ed1b15c123fa']","['fbb7f8a0-cf0f-4658-8422-a0293865531c', '1634b796-dd09-4ca6-813a-0e0bc0678bfe', '3407865c-813a-4973-85c3-1b015220528b', '36f239e2-7a6a-4640-a4ba-b9f6e110b8bc']","['1d94899d-d307-4ae3-8a79-52eb311a4c0c', '6e8ea09f-4cba-46d2-b416-49af611192b0', 'e945bfed-0a83-4b3c-9a0d-8404da1b3872']","['dd0be849-a119-4f78-aa55-354448b74063', '4bda5308-4867-4b82-8105-27620d1b4884', '6e338735-37fc-473c-905b-d746f0559a4f']"
2023-10-16,"['e8d164ea-a8c8-4b02-9ee4-09671685ff5d', 'b28de8b7-25d3-4168-b3dd-dd55912fd57e', '5c4b4fcf-4b06-4ca9-b796-0c56737b2cd4']","['b25937ee-d82a-4681-8c41-02fe6fd085c0', '7eca0e3f-0ca9-41e8-9bfb-87a43a6ea540', '31d6facb-ca17-4949-9977-7014db10da4a', '2d5231c4-5ea4-4a0e-949d-93e55d843d2d']","['7e257701-cf1f-4018-9c28-cfdd89f377d0', '61f3de56-b7dd-40e2-8331-13b69b438881', '7812a7e9-0e19-4a79-8bcd-505ef7acefa9', 'cb1f716b-f8af-4581-beed-59c4639da243']","['ef3d99ce-0374-41da-a64f-86091ebab99a', '58de0bce-ee3e-4beb-9d77-2d529bf7c1e3', '16eefb0f-9a7d-4b7d-936f-f481736a7990']","['a6ab4b72-31d7-46e3-87b3-ea86eba93fee', 'b08863e9-63ad-407f-8abe-d69abccc427d', 'a38d908b-33ba-48fb-b3ae-dc6fc2614165']"
2023-10-17,"['91a7985d-ac27-497a-ba50-a62f8d9d95eb', 'eab850b1-9f45-40f2-bee7-bcbe1773db18', 'af9d0c6c-931d-4af8-a6b6-7df284f666e4']","['1620f2b1-3389-4e75-bf24-c2d141c7bdd5', '0e9ddf8c-f89f-45d8-9c12-5b3852522db5', 'f9a21e28-a885-4f59-a060-47e13953c7a0', '7ce93c12-1dbc-46fa-9934-07bbc6e11a22']","['01ac39d2-0755-4e29-923d-6152b99fa054', '6852ed48-3826-4246-997d-62e0f0d2ef24', '4f8ced32-6780-45a2-a560-bd7cecac3600', '5198d79f-940b-45ac-ba13-803f61447fdd']","['c261b5dc-8a05-46f9-89c5-5d5a34d47ece', '6c5c8530-687e-4996-b2da-47b0401736dc', 'f69ccfea-2062-47f0-8424-b6b58bb5dcdd']","['95064b42-ec82-4c5b-a319-c6e11d6bf0e3', '88c94e74-a15e-47b5-9327-b054657bbdcd', '1c32347d-5f81-4c1f-a4dc-10448ac3986a']"
2023-10-18,"['31609846-bc30-4d9b-a8f2-a72fb9e23809', '36e28c8d-8002-41c5-8b4b-f1b3b01917f6', '09fe23be-ac78-4258-b8a6-b9a568ab6694']","['5ee6e037-d225-4bab-b5ab-db294c45cedc', '00482b8c-cedb-44c9-8979-34760a458eab', 'a124cb09-ec34-43dd-a1d7-1d8714afcda4', '89ef960c-e18e-400f-ac0b-8e69d946ac3b']","['c0d8ffff-a714-4727-9daa-a11db277b81a', '6e3905eb-31bc-46db-982e-f7951c76b4e8', '69acf341-67b9-4c02-9a36-0dad575ae724', 'a30223e7-57bf-4968-b2d6-1e6f50b91c90']","['aa39ff0e-1c40-437b-953f-5f07c5bfd423', '5eea9b19-26c8-4b01-a7c6-4dbafce361de', '6d4b4442-7a28-43b9-942f-dc0534411d6f']","['d85012b7-0182-432f-8623-af8947f4db85', 'b317ef94-88d1-4b7f-ae4f-574aa33c32f2', '5baa1ac3-18bf-49a8-ac50-404c838c6e6a']"
2023-10-19,"['9337ae40-f3bf-4b85-b645-b082d6a0436e', '96d85c3f-52a0-4509-88d4-dca66d3bbd03', '2d58b9ee-1be0-4f41-8e79-c4fb4a3230de']","['a265ade5-4382-49c6-92a0-c9e5de8d2104', '1dab03f1-1f97-4841-8a0b-71c4f07e7d89', '07b47d14-3492-48dd-9660-592fd3973347', '6e551af8-04ab-4664-8ec5-6aabf3ebcfbd']","['d9e135de-3c8c-42ba-ad6e-c5a07b36212f', '4130cfbb-c480-4956-a78b-2016054e69bf', 'f8886db9-cd6a-4779-abfa-e732657990ee', '0bc43a31-914a-4b62-8158-34a205058875']","['5262cb47-8cad-4fc2-b567-bf4e4e92139c', '202b560a-141a-4360-84ec-c65644981afd', 'c665adb3-dc3a-48ba-a5c3-0423ef2cd04c']","['9d273515-c5af-4096-ba30-8bed28dfb19b', '1db89027-62a4-4ffe-ad5e-e2c96b802886', '0fb2f834-6cb6-4562-a050-3ebe4dcc33d3']"
2023-10-20,"['3bd0a89f-973c-44ea-b556-263d31326c8b', '8c4acaa3-a197-4103-8772-598de110f2ac', '5d7a013f-92b9-44ab-a913-c3104a3b8e14']","['fe178102-7cc4-4ee0-b342-f89703dbf52d', 'b1611a84-6f48-4f58-bf6d-b3b980ef2d23', '021c9d35-53d8-4948-9498-b12597cf51d7', '245b4e51-764c-4b17-8761-094d7e57dc92']","['bb1ddef5-7daa-4054-9d38-ebdde39f77d6', 'e9550707-e62c-4420-ad69-9fa194a27e64', '113a799b-c5cd-4963-9ca3-9253245a04d3', '22d32ef0-5364-4637-bfa1-09286a992352']","['94b44fd7-cc5b-45f8-b46b-76e5b9775c21', '8a1e9062-f951-4931-8c13-bca2922d3313', '0a44bf93-de90-4a26-8cfc-90c50076c8e4']","['3df15a6d-4b46-40e5-b4d7-b593ec318702', 'e5aff04c-ce8a-4b16-aa54-d7c3ac006f33', '95fb5c83-2bc2-47f7-92e1-ebeff42a6de3']"
2023-10-21,"['2e099480-7284-48cd-8b56-66e7e2b4624a', '48656f4b-c42a-4000-bff0-9b1e7ba72edc', '3d75b5c8-1ad6-4039-aba7-10c99c604312']","['d5821abf-b936-4abf-ad91-f176381dadcc', '27964ef7-25f4-44c1-b631-8b4032a0569a', 'e81f0d0c-f675-47c7-bc38-830622764f9a', '222ad1c5-9465-4179-8a82-9b962af246e8']","['4ccc8eab-6315-434b-a266-135c342e74e4', '4bf8a0eb-059e-4250-9817-0280d67c93e6', 'b7f14965-af59-4704-be62-0da17a1941a1', 'bc47b28c-66f4-4664-beef-6fe1594306b4']","['5c4fcef9-a5f7-4a13-9597-042ec0811784', '0602902c-bc9e-496b-a1f1-8acb4fce4c46', 'ab92fa7f-972c-4bf6-8a94-242349e2041e']","['37de8eb8-4c32-4fe1-bc28-03a6a22ba146', '95f6c15c-598b-473c-b5f2-00cf0ba35b76', '426d33ca-62c8-43c8-a518-a7aa401e2f74']"
2023-10-22,"['a241927a-b5f8-4a62-8079-ea206bb08459', '9391183f-ff97-44c9-9e5b-c7825a9d13fc', '85d089f1-6770-45eb-8f9f-299b4d8f181e']","['920cf397-6d0e-4ab1-82ba-932cbeb1ea35', '5eeda1f3-e335-4949-9b5b-20548bcc39e5', '6eeace93-5a68-4b9b-b484-3a42ea29bfba', 'ce6fc547-478e-4ea3-947c-312969bdc2e7']","['80181830-6428-4da9-bdf0-9dd493e6f6bd', '95af79ac-7c7c-44e4-afc0-dbe4b6e5ca83', '3407ed95-0538-4818-a6f2-78ce47e0ed45', '086e7945-26a3-4f41-aa3f-b304ccc10c6b']","['f5004880-d479-4239-b844-a5ea61a53b04', 'a958da7f-468a-4c74-880d-58db55e35e10', '2023a28f-8447-48a4-8eca-50e5e8ebfc90']","['a2223613-381d-42b5-9d48-c4ee3324e739', 'c80e1cd0-658b-44cf-9e10-29814b7a482b', '4a395ffd-4638-40c0-8580-e0cc36d05ab8']"
2023-10-23,"['3bb0f0b8-a6b1-4ad3-9497-dc4be5c64235', 'bce61c83-6e1e-41f6-bc33-7d85e7c121df', 'a1fafd21-51f8-4d26-8edd-14999bd61ec4']","['35346219-c5f1-4e96-85e9-c1140727f7e3', 'f8d756f7-c6e3-48a5-99a7-be891696f92a', 'b7445ba7-08ac-4e39-9183-23bb80afba9f', 'd06a5e06-f146-467b-b636-e38c28465743']","['c06df7be-6001-400d-957c-2f3056b2cfbe', '046591da-187d-4bf4-9dac-12bd660965da', '9ec34676-484a-4ba2-935a-0bbabad9090c', '3ec93fb2-3302-480c-8619-53636ad28a79']","['9cfd21dd-9bd8-49c2-aa21-0bb95a19f5fc', '26d12318-e54a-4a3b-a05c-4b9fcc7529dd', '35b4e1cc-c4b7-4442-bf69-bae141546c26']","['91795f3f-ea44-4a51-b32b-1f869af0ea1d', 'a4e61817-3008-442b-b207-e0320fb0ec27', '0ce27f42-d3d7-4d1e-b038-0b8f6f575ccf']"
2023-10-24,"['4f7ee817-3670-4902-8b61-6c68cfe4c6f1', '1b1ea6d0-8142-4773-8ece-ae880aaf525f', 'c4fcace7-024f-401c-9b9a-8e14dc50d1d4']","['9adac322-c216-40a7-8361-f2ead727ad62', '015030b0-f8ae-4a2f-a8e1-5406c05e05da', 'e8c779b2-82a7-4d2e-81c5-c1090acb70de', '2dfad7f1-25a8-4745-9365-1ab2f1c51408']","['e0fc97bc-fea3-4c3f-9449-49dd48a0fac5', '1312a759-c7db-4e28-9c1c-8c47f4cb467e', 'cfef2d78-3241-43ab-94bf-8d2cca521360', 'a6e75de6-b9b3-4221-91cf-db84c2fce59e']","['eb5ad14c-9642-4460-8ba9-c4e8f677722e', '9f4b5723-be3e-41a0-8c18-45af4cc99ea2', '85334c92-1f56-4bca-854e-27ce44ccffaf']","['cc01a96f-8b4f-40c6-8064-9e96e5af3ed1', 'ad2ef382-77a1-492c-b148-b847eeff82f6', '4e51701b-2927-4126-a6b6-69ff3f48063a']"
2023-10-25,"['2abae751-b158-4c02-a56f-49cfb1bd1c62', 'a4d42317-5f49-4936-9113-0dae58f08412', '59783d38-bbd5-4ab7-bcd0-530c92cf6431']","['db512b74-b227-43cf-aab7-564f26fbc580', 'a6b10968-7cf4-4c59-a012-3244f694d4c9', '07519924-6f17-4981-b8cd-3469853db1f2', '7141371d-f993-4d89-8a7f-980302e23b41']","['656e20a9-f9c3-45ce-952d-35c89405b2ea', 'fb1f1c7d-4dcd-4163-b21f-d31931a3bc5f', '00c69e25-0a12-451b-aa3c-7371f8dd7fd3', '2c478d81-775e-4efb-890a-b5e07817948f']","['05ca4e6d-af83-4ac5-a764-938e93ef06c0', '9642a97f-50b6-49d6-bc2a-d133b59711c4', '43c6a31f-0a23-4a94-95ab-307969b1ee90']","['887f6584-41a3-4cce-bc04-3473ffe5f800', '5e50834d-8b1f-4b98-b51f-10f78c0986d2', '43bfa353-6f8a-4b92-bda1-5a33b36d4fd1']"
2023-10-26,"['cd42dc45-a8fe-42cf-8d15-db855c3096e4', '58548262-25de-4adc-a06a-28bb355f5667', 'dda05f43-920f-4b2d-be37-0f0267b0275c']","['dbc1d1f2-cfbf-401a-bdfd-b142203a82db', 'ba658c51-7a07-463a-89e2-4ed673ce749c', '59aec326-023f-42f4-b2e6-744ea4c5223b', '9e6f890f-f9af-41b2-9f78-6620fcb8651c']","['ba62a3d4-4387-4413-a9a3-2fdecd918d21', 'ed8f7397-6089-4db6-b10c-2f44f24a7ed4', 'b753b492-68a4-478f-aee4-8dc12d0963f8', '88db167a-d0bb-4b1c-8138-1ae4a439c61d']","['de5d20cb-70a3-45b5-ac3e-053affc08fd6', 'bf220ab0-2fa0-418b-92bd-1ba2749e396e', '163fe7f2-084d-474d-8724-2703d9c7a99e']","['e6cb69b8-2697-423e-bf66-2e100d8a01fb', '25672e32-2b67-4d85-a8fb-8f40b4d6a4fc', 'ae009359-f026-4e7d-aae1-274275984751']"
2023-10-27,"['c26bc7e6-0ec3-4a34-97f2-8cc0f2fae00a', 'b9af1d4e-b108-465d-81e2-fff6f4449f46', '383a34e5-1269-4c96-bff2-11407d569c7b']","['9cc3351a-b86d-4809-b837-82cb51c8f36d', '01e5f8d8-2067-431e-b754-d3062e73fa07', '7569ca77-f39b-4a99-92e1-b205960e4d81', 'b7cd9f83-5417-4dd1-ba3b-7cd89e06a079']","['650abccb-e6ab-4522-9d3c-3c20743e3952', '37b9fc00-c77c-48ea-8a42-382bffb45978', '5d3080b9-465c-4a33-aa1b-6733c5fc11e9', '1259b5ec-4e5d-455c-b90f-b63d7ec920c2']","['0a3e8cba-c5b3-464f-8b35-d8daa65b2186', '6b77532a-15ef-4654-abcd-27eb13342d65', '1139cbf4-2104-4385-96fb-1f1d2f7214de']","['c58455dd-4932-4720-9190-a858857fe722', '40e1cf63-53b0-4e9d-b35b-f82717cab486', 'fdbf9be9-e107-44ca-8062-3f001ad520c6']"
2023-10-28,"['af1b1c6c-88b3-40d3-8419-537208cf4402', '136093b2-dd4d-472e-8853-16cf696869f7', 'b7217f6c-980d-4bf7-9420-9755132ca358']","['8bb0fd8a-054c-4ba7-bd38-87563086a1af', '1f4f6dbc-430a-4e06-bfcb-a3319454fc3d', '545399eb-f3cf-45d5-a0dc-308da91b5dee', 'b71ef3cf-8bd0-4c73-80dd-71452e5d03bd']","['a36d5b80-0eb4-410f-b7d5-f3a97333b6d5', 'd5b0b9b8-8e4a-4433-99fe-e162785014b1', '20f29a3f-7f37-4fb4-a52c-1b24e645ea43', '1219ea54-57ce-4d8d-847b-73779c1441fe']","['fd6b7ebc-3174-4a5e-8013-fd647dc4018c', 'e6a35a22-6fdf-49b6-8273-da2f0f73252b', '835f8056-8f8b-4cd7-99bd-560176807d03']","['00344784-396d-4273-99b1-f19b196307b9', 'c9f0eed6-bf9c-4647-978f-c2eb0b8d7210', 'e99a2141-5cfa-4f16-b1a9-e270b6355a1a']"
2023-10-29,"['041c5a0f-623c-4e0a-bb56-69183fe0c565', '54e84881-58b8-4470-93a2-4ffaf2e171b3', '2947e4f0-8164-469b-80bc-406346a3050a']","['295b8698-1f6a-4837-aa03-64cd3158b003', '3ffbc023-5cf2-4ee2-a7a0-037a9b273978', '7ec2730d-2bb3-47bb-82bb-a8b75ba0210d', '57ce62bc-5fda-4f1f-9142-e0eb3b707cc7']","['fc422429-0fbe-4084-beb5-275d27f752c8', '9e19555b-1df4-47eb-8b14-3fad98ea3f17', '7b6ae1df-2d59-4da9-bf44-ca2f3c0aa11c', '33684189-abed-4d57-ad43-97dcb6284be2']","['ddf80206-d593-4b10-9810-cf04926e8941', 'a09a1809-115f-4c27-a5b7-6a14c8b8ff92', '32fbe50c-a1be-4b75-82bb-bbe64f0a65b1']","['a5af6248-7781-466a-aab0-bce112d2d31c', '56552052-1b46-4a58-bfb9-5d0990f8aa32', '1d998112-a9dc-4b17-b14d-896bbbb550c5']"
2023-10-30,"['1e14bac5-eb6a-4ac5-8d09-8c95c60911aa', '021cedd7-5a61-4d8c-9dc6-b3ad758ad992', '96ad1aa2-60c6-4a28-9843-31749960f82c']","['799f7bb6-2e23-49ef-8f5d-bcf42670419e', '4834f13f-9af2-4b7c-854f-7720e598b5fc', '8cba8221-fb3a-46de-bd5e-2f10c01bdfad', '1e25354a-bafe-4912-9222-fec20f20b398']","['cfd488ec-2dda-4498-b1a7-d563bcc9547f', '410097ec-a273-4667-8af7-bcd36016d95d', '95bba31a-bcf4-475a-81c1-b27b08ced542', 'b8144684-d505-483b-9619-bfd42f8660ac']","['27a370bc-756d-487e-98fb-a7fe7e02a917', '85e37cab-c87f-4eda-91c9-e450fc300841', '563ee272-9227-49cf-907d-34d023b3fb3e']","['7b7a590f-7652-41d6-90bb-994f06f5b914', 'bbe10772-60ee-4cf8-b47a-7873bed97149', 'c4310429-bd44-45dc-b7b4-61b1a5ebcd32']"
2023-10-31,"['0e886226-71f2-46e5-b9de-0f0e697580fe', 'f5c755c0-0cf4-41a4-a949-0ebc33ed33c7', 'cea4c7ab-476f-483e-a10d-f7c1a3e20d48']","['e2229dcb-094e-449e-8870-edfc0131e529', '2b5e68bc-6d96-4394-b13e-82b4b1308f02', '02dee3e3-9816-47da-937e-3fe28ff714aa', '84c7e258-0a0e-43cd-a796-1f25abf34f0f']","['6f79529c-af24-46d0-95dc-3d152c5548be', '27b9325f-b133-40d3-ab9d-cc7d108ed3c8', '9f117bc0-a277-4084-b461-33ba8d7d6657', 'dd98d79b-41f0-4aed-9976-65b9cd8efb78']","['4287fb42-b23e-4118-996c-abe4ba00dbda', '45d09096-a59e-4cec-930d-491ee955ec81', '668b61aa-2e1e-4f36-ae53-fd4e34f21ae8']","['32dcb396-2e87-4c99-b333-0ca9119547fa', '1014a790-8de7-4fe6-925c-0a31d6791b4e', 'aa5dbb76-e2d8-49a4-84a9-8c32e6ba39ba']"
